ID,CPF,Nome,Idade,Data_Cadastro
10,637.785.120-10,Gabriel Costa,47,2022-09-02
11,446.516.353-15,Carlos Ribeiro,47,2023-01-20
12,581.442.846-90,Aline Dias,85,2022-06-25
13,846.103.013-44,Theo Ribeiro,46,2020-03-24
14,972.636.561-12,Maitê Almeida,48,2021-06-03
15,690.669.736-21,Theo Martins,49,2023-11-28
16,400.957.568-91,Theo Lopes,72,2023-08-01
17,314.473.188-75,Luísa Pinto,24,2022-03-21
18,843.143.511-13,Sophia Ribeiro,24,2024-03-22
19,081.799.317-06,Davi Carvalho,30,2023-01-09
20,227.147.289-54,Patricia Lima,30,2024-08-01
21,544.757.291-89,Francisca Martins,26,2021-03-09
22,968.749.255-08,Francisca Castro,40,2021-02-09
23,936.438.256-62,Liz Melo,42,2024-05-18
24,115.836.417-09,Francisco Melo,77,2023-08-25
25,979.821.579-99,Theo Ribeiro,81,2020-09-02
26,484.269.467-15,Isabella Nunes,34,2021-05-02
27,330.141.066-56,Helena Melo,77,2022-12-14
29,146.495.236-02,Sophia Dias,71,2023-10-23
30,767.145.429-14,Aline Gomes,51,2020-10-10
31,811.530.852-64,Maitê Martins,82,2022-01-04
32,319.431.144-80,Manuela Costa,73,2021-12-17
33,981.670.380-08,Cecília Rocha,62,2022-11-29
34,642.520.187-57,Adriana Rocha,60,2021-05-14
35,667.637.319-14,Gabriel Dias,20,2023-06-25
36,634.693.310-75,Theo Mendes,66,2023-03-09
37,705.816.513-29,Luísa Fernandes,20,2022-01-19
38,458.749.191-18,Laura Castro,28,2021-11-04
39,114.718.337-37,Adriana Martins,26,2024-04-18
40,369.378.140-59,Marcos Rocha,24,2021-12-25
41,432.548.877-08,Luiz Dias,61,2021-01-08
42,088.199.193-47,Gael Monteiro,72,2023-07-28
43,212.115.688-69,Helena Ribeiro,52,2021-06-26
44,557.558.106-90,Paulo Rocha,63,2024-05-11
45,348.673.811-92,Helena Vieira,30,2020-03-27
46,165.736.219-58,Patricia Ribeiro,31,2023-01-08
47,694.721.272-96,Luísa Castro,73,2021-03-24
48,641.442.846-77,Juliana Lima,48,2021-03-12
49,343.376.657-37,Gael Costa,39,2022-04-12
50,907.472.951-07,Luísa Ribeiro,38,2022-08-27
51,332.228.618-91,Isabella Martins,46,2020-05-18
52,551.481.565-98,Lucas Ribeiro,64,2020-05-24
53,099.317.761-92,Gael Vieira,59,2021-09-20
54,057.491.564-90,Marcos Costa,52,2021-07-06
55,679.522.618-18,Theo Melo,53,2020-06-03
56,911.332.339-41,Paulo Costa,85,2020-07-04
57,364.674.526-03,Davi Ribeiro,70,2023-03-01
58,011.696.536-11,Luísa Almeida,79,2022-04-03
59,848.337.335-90,Francisca Teixeira,58,2020-05-18
60,937.288.665-94,Davi Teixeira,29,2023-04-18
61,241.690.697-30,Arthur Pinto,44,2020-08-25
62,999.378.167-73,Cecília Ribeiro,52,2020-06-18
63,059.873.351-89,Francisca Teixeira,75,2024-03-15
64,591.936.438-66,Bernardo Pinto,57,2022-06-08
65,565.919.364-47,Antonia Dias,78,2022-01-16
66,725.659.193-41,Davi Ribeiro,61,2022-05-29
67,112.597.514-41,Luiz Rocha,53,2022-10-24
68,545.987.335-98,Cecília Melo,30,2022-04-01
69,381.115.836-74,Cecília Almeida,62,2024-03-03
70,718.571.298-50,Luísa Rocha,44,2022-09-25
71,833.486.738-95,Gael Carvalho,29,2022-10-18
72,434.968.749-36,Lucas Dias,23,2023-11-20
73,454.432.548-23,Joao Rocha,60,2022-02-09
74,561.088.199-56,Marcia Teixeira,44,2021-08-22
75,528.932.128-44,Pedro Ribeiro,40,2022-11-25
76,336.165.736-25,Helena Rocha,74,2024-03-15
77,698.544.757-96,Luiz Ribeiro,25,2023-08-01
78,165.979.821-26,Heitor Pinto,75,2023-09-22
79,521.165.979-38,Laura Melo,76,2022-12-07
80,211.231.956-62,Manuela Teixeira,60,2023-05-10
81,725.434.968-07,Luiz Martins,24,2020-03-17
82,752.694.721-01,Cecília Mendes,78,2020-11-13
83,831.996.883-74,Helena Cardoso,50,2020-07-28
84,496.146.495-20,Manuela Dias,67,2023-03-20
85,869.831.996-30,Laura Lima,77,2024-04-12
86,478.483.373-10,Lucas Castro,30,2023-01-26
87,557.472.951-09,Bernardo Rocha,66,2022-03-09
88,382.496.146-24,Theo Monteiro,45,2023-12-25
89,353.483.373-95,Theo Teixeira,56,2023-10-21
90,345.987.335-51,Cecília Rocha,29,2021-09-17
91,698.811.530-05,Arthur Almeida,82,2021-04-03
92,670.380.081-30,Samuel Teixeira,65,2022-04-12
93,485.478.483-05,Heitor Rocha,59,2023-02-23
94,332.339.418-47,Arthur Teixeira,59,2023-01-09
95,595.632.731-89,Laura Ribeiro,32,2020-08-06
96,418.473.188-41,Laura Ribeiro,61,2021-07-22
97,011.696.536-11,Luísa Almeida,79,2022-04-03
98,154.343.376-78,Lucas Rocha,65,2020-09-11
99,697.301.169-23,Pedro Martins,79,2023-07-06
100,535.199.688-66,Adriana Teixeira,54,2022-02-09
101,847.319.431-70,Luísa Rocha,41,2021-01-26
102,128.446.516-77,Heitor Dias,45,2023-11-17
103,530.852.694-82,Marcia Teixeira,65,2023-06-25
104,785.120.103-72,Liz Ribeiro,45,2023-08-25
105,979.821.579-99,Theo Ribeiro,81,2020-09-02
106,736.219.583-08,Helena Lima,56,2021-01-23
107,351.996.883-08,Laura Rocha,82,2022-08-16
108,128.446.516-77,Heitor Dias,45,2023-11-17
109,721.284.465-98,Lucas Ribeiro,48,2023-06-11
110,832.725.434-62,Agustín Rossi,29,2023-01-15
111,690.697.301-41,Matheus Cunha,24,2022-08-10
112,591.936.438-66,Léo Pereira,29,2021-04-22
113,528.932.128-44,Fabrício Bruno,29,2023-03-05
114,999.378.167-73,David Luiz,38,2020-11-18
115,641.442.846-77,Léo Ortiz,29,2024-02-28
116,454.432.548-23,Ayrton Lucas,28,2022-07-14
117,332.228.618-91,Matías Viña,27,2021-09-01
118,343.376.657-37,Guillermo Varela,32,2023-05-20
119,551.481.565-98,Wesley França,22,2020-12-03
120,698.811.530-05,Erick Pulgar,31,2022-10-25
121,911.332.339-41,Allan Rodrigues,28,2024-01-09
122,212.115.688-69,Gerson,28,2023-08-30
123,112.597.514-41,Nicolás De La Cruz,28,2021-06-12
124,670.380.081-30,Victor Hugo,21,2022-04-05
125,485.478.483-05,Igor Jesus,23,2020-07-29
126,114.718.337-37,Giorgian De Arrascaeta,31,2023-11-12
127,332.339.418-47,Luiz Araújo,29,2022-01-19
128,418.473.188-41,Everton Cebolinha,29,2024-04-08
129,595.632.731-89,Bruno Henrique,34,2021-02-14
130,154.343.376-78,Pedro,28,2023-09-27
131,011.696.536-11,Gabriel Barbosa,28,2020-05-08
132,697.301.169-23,Carlinhos,28,2022-03-17
133,535.199.688-66,Matheus Gonçalves,19,2024-05-01
134,847.319.431-70,Lorran,19,2021-11-22
135,128.446.516-77,Cleiton,22,2023-02-18
136,530.852.694-82,Evertton Araújo,22,2022-09-03
137,785.120.103-72,Danilo,34,2020-10-14
138,979.821.579-99,Alex Sandro,34,2024-03-29
139,736.219.583-08,Michael,29,2022-06-21
140,351.996.883-08,Gonzalo Plata,24,2023-04-16
141,364.674.526-03,Jorginho,33,2021-08-07
142,011.696.536-11,Carlos Alcaraz,22,2024-01-02
143,848.337.335-90,Agustín Rossi,29,2022-05-13
144,937.288.665-94,Léo Pereira,29,2020-03-26
145,241.690.697-30,Fabrício Bruno,29,2023-12-08
146,999.378.167-73,David Luiz,38,2021-10-30
147,059.873.351-89,Ayrton Lucas,28,2022-01-24
148,591.936.438-66,Erick Pulgar,31,2024-05-19
149,565.919.364-47,Gerson,28,2023-02-09
150,725.659.193-41,Nicolás De La Cruz,28,2020-08-01
151,112.597.514-41,Giorgian De Arrascaeta,31,2022-11-04
152,545.987.335-98,Everton Cebolinha,29,2021-07-18
153,381.115.836-74,Pedro,28,2023-06-03
154,718.571.298-50,Gabriel Barbosa,28,2022-09-15
155,833.486.738-95,Bruno Henrique,34,2020-04-12
156,434.968.749-36,Léo Ortiz,29,2023-10-06
157,454.432.548-23,Matheus Cunha,24,2021-03-22
158,561.088.199-56,Guillermo Varela,32,2022-12-28
159,528.932.128-44,Allan,28,2020-06-16
160,336.165.736-25,Matías Viña,27,2023-01-11
161,698.544.757-96,Luiz Araújo,29,2022-08-05
162,165.979.821-26,Victor Hugo,21,2021-05-30
163,521.165.979-38,Lorran,19,2024-02-04
164,211.231.956-62,Matheus Gonçalves,19,2023-09-18
165,725.434.968-07,Agustín Rossi,29,2022-07-27
166,752.694.721-01,Léo Pereira,29,2020-11-10
167,831.996.883-74,Fabrício Bruno,29,2021-02-01
168,496.146.495-20,David Luiz,38,2023-04-25
169,869.831.996-30,Ayrton Lucas,28,2022-05-16
170,478.483.373-10,Erick Pulgar,31,2024-03-08
171,557.472.951-09,Gerson,28,2023-10-19
172,382.496.146-24,Nicolás De La Cruz,28,2022-02-23
173,353.483.373-95,Giorgian De Arrascaeta,31,2020-09-11
174,345.987.335-51,Everton Cebolinha,29,2021-04-03
175,698.811.530-05,Pedro,28,2022-12-07
176,911.332.339-41,Gabriel Barbosa,28,2024-01-21
177,212.115.688-69,Bruno Henrique,34,2023-07-15
178,670.380.081-30,Léo Ortiz,29,2022-06-09
179,485.478.483-05,Matheus Cunha,24,2020-08-23
180,114.718.337-37,Guillermo Varela,32,2021-12-18
181,332.339.418-47,Allan,28,2023-03-02
182,418.473.188-41,Matías Viña,27,2022-10-04
183,595.632.731-89,Luiz Araújo,29,2021-01-28
184,154.343.376-78,Victor Hugo,21,2024-05-23
185,011.696.536-11,Lorran,19,2023-06-29
186,697.301.169-23,Matheus Gonçalves,19,2022-04-18
187,535.199.688-66,Agustín Rossi,29,2020-02-13
188,847.319.431-70,Léo Pereira,29,2023-09-07
189,128.446.516-77,Fabrício Bruno,29,2022-11-20
190,530.852.694-82,David Luiz,38,2021-08-14
191,785.120.103-72,Ayrton Lucas,28,2024-02-27
192,979.821.579-99,Erick Pulgar,31,2023-05-11
193,736.219.583-08,Gerson,28,2022-01-03
194,351.996.883-08,Nicolás De La Cruz,28,2020-07-25
195,591.936.438-66,Giorgian De Arrascaeta,31,2021-09-08
196,528.932.128-44,Everton Cebolinha,29,2022-10-31
197,999.378.167-73,Pedro,28,2023-04-24
199,454.432.548-23,Bruno Henrique,34,2021-06-14
200,332.228.618-91,Léo Ortiz,29,2022-03-29
201,343.376.657-37,Diego Alves,40,2023-11-09
202,551.481.565-98,Guillermo Varela,32,2020-05-02
203,698.811.530-05,Allan,28,2021-07-28
204,911.332.339-41,Matías Viña,27,2022-08-20
205,212.115.688-69,Luiz Araújo,29,2023-10-11
206,112.597.514-41,Victor Hugo,21,2020-04-05
207,670.380.081-30,Lorran,19,2021-02-19
208,485.478.483-05,Matheus Gonçalves,19,2022-09-29
209,114.718.337-37,Michael,29,2023-12-14
210,123.456.789-01,Nilce,45,2025-06-29
